{"cameraMode":{"drawMode":0,"name":"Shaded","section":"Shading Mode"},"sceneLighting":false,"audioPlay":false,"sceneViewState":{"m_AlwaysRefresh":false,"showFog":true,"showSkybox":false,"showFlares":true,"showImageEffects":true,"showParticleSystems":true,"showVisualEffectGraphs":true,"m_FxEnabled":true},"in2DMode":false,"pivot":{"x":27.649078369140626,"y":10.734786033630371,"z":-23.05483627319336},"rotation":{"x":-0.015012082643806935,"y":0.6990594267845154,"z":-0.014682401902973652,"w":-0.7147555947303772},"size":7.1749982833862309,"orthographic":false}