{"cameraMode":{"drawMode":0,"name":"Shaded","section":"Shading Mode"},"sceneLighting":true,"audioPlay":false,"sceneViewState":{"m_AlwaysRefresh":false,"showFog":true,"showSkybox":true,"showFlares":true,"showImageEffects":true,"showParticleSystems":true,"showVisualEffectGraphs":true,"m_FxEnabled":true},"in2DMode":false,"pivot":{"x":-2.411810874938965,"y":-2.0598199367523195,"z":8.009653091430664},"rotation":{"x":-0.4499954879283905,"y":-0.012861208990216256,"z":0.006482018157839775,"w":-0.8929205536842346},"size":18.251548767089845,"orthographic":false}